game,feature,target,balanced_acc,chance,null_mean,p_value,p_holm,decodable
cd82,deter,level_id,0.4995,0.1667,0.1694,0.001996007984031936,,
cd82,deter,transition,0.8298,0.5,0.5089,0.001996007984031936,,
cd82,deter,reward_imminence,0.6378,0.5,0.5008,0.001996007984031936,,
cd82,deter,reward_proximity,0.6263,0.5,0.4992,0.001996007984031936,,
cd82,deter,time_since_reset,0.5657,0.2,0.2,0.001996007984031936,,
cd82,stoch,level_id,0.4251,0.1667,0.1706,0.001996007984031936,,
cd82,stoch,transition,0.6397,0.5,0.5126,0.001996007984031936,,
cd82,stoch,reward_imminence,0.6124,0.5,0.4996,0.001996007984031936,,
cd82,stoch,reward_proximity,0.615,0.5,0.4993,0.001996007984031936,,
cd82,stoch,time_since_reset,0.301,0.2,0.1994,0.001996007984031936,,
cd82,both,level_id,0.5331,0.1667,0.17,0.0004997501249375312,0.04498,True
cd82,both,transition,0.9086,0.5,0.5086,0.0004997501249375312,0.04498,True
cd82,both,reward_imminence,0.6334,0.5,0.5004,0.0004997501249375312,0.04498,True
cd82,both,reward_proximity,0.6429,0.5,0.4999,0.0004997501249375312,0.04498,True
cd82,both,time_since_reset,0.574,0.2,0.1999,0.0004997501249375312,0.04498,True
cd82,pixel,level_id,0.5008,0.1667,0.1703,0.0004997501249375312,0.04498,True
cd82,pixel,transition,0.93,0.5,0.5115,0.0004997501249375312,0.04498,True
cd82,pixel,reward_imminence,0.7906,0.5,0.5,0.0004997501249375312,0.04498,True
cd82,pixel,reward_proximity,0.8334,0.5,0.5,0.0004997501249375312,0.04498,True
cd82,pixel,time_since_reset,0.5562,0.2,0.2003,0.0004997501249375312,0.04498,True
cd82,clock,level_id,0.4069,0.1667,0.1702,0.0004997501249375312,0.04498,True
cd82,clock,transition,0.6,0.5,0.5115,0.01249375312343828,0.23738,False
cd82,clock,reward_imminence,0.6,0.5,0.5,0.0004997501249375312,0.04498,True
cd82,clock,reward_proximity,0.6,0.5,0.5,0.0004997501249375312,0.04498,True
cd82,clock,time_since_reset,1.0,0.2,0.1995,0.0004997501249375312,0.04498,True
lf52,deter,level_id,0.5004,0.1,0.1027,0.001996007984031936,,
lf52,deter,transition,0.6949,0.5,0.6143,0.03992015968063872,,
lf52,deter,reward_imminence,0.718,0.5,0.5423,0.001996007984031936,,
lf52,deter,reward_proximity,0.7017,0.5,0.5186,0.001996007984031936,,
lf52,deter,time_since_reset,0.647,0.2,0.2,0.001996007984031936,,
lf52,stoch,level_id,0.4445,0.1,0.1034,0.001996007984031936,,
lf52,stoch,transition,0.5999,0.5,0.6155,0.7445109780439122,,
lf52,stoch,reward_imminence,0.5997,0.5,0.5473,0.08582834331337326,,
lf52,stoch,reward_proximity,0.6083,0.5,0.5239,0.001996007984031936,,
lf52,stoch,time_since_reset,0.5923,0.2,0.2002,0.001996007984031936,,
lf52,both,level_id,0.4968,0.1,0.1027,0.0004997501249375312,0.04498,True
lf52,both,transition,0.6935,0.5,0.6154,0.050474762618690654,0.85807,False
lf52,both,reward_imminence,0.7353,0.5,0.5442,0.0004997501249375312,0.04498,True
lf52,both,reward_proximity,0.7331,0.5,0.5198,0.0004997501249375312,0.04498,True
lf52,both,time_since_reset,0.6377,0.2,0.2001,0.0004997501249375312,0.04498,True
lf52,pixel,level_id,0.2798,0.1,0.1037,0.0004997501249375312,0.04498,True
lf52,pixel,transition,0.5998,0.5,0.6167,0.8660669665167416,1.0,False
lf52,pixel,reward_imminence,0.8344,0.5,0.5492,0.0004997501249375312,0.04498,True
lf52,pixel,reward_proximity,0.8499,0.5,0.5251,0.0004997501249375312,0.04498,True
lf52,pixel,time_since_reset,0.5738,0.2,0.2001,0.0004997501249375312,0.04498,True
lf52,clock,level_id,0.4963,0.1,0.1048,0.0004997501249375312,0.04498,True
lf52,clock,transition,0.6,0.5,0.6167,0.8700649675162418,1.0,False
lf52,clock,reward_imminence,0.6,0.5,0.5492,0.21889055472263869,1.0,False
lf52,clock,reward_proximity,0.6,0.5,0.5252,0.04397801099450275,0.7916,False
lf52,clock,time_since_reset,1.0,0.2,0.1999,0.0004997501249375312,0.04498,True
ls20,deter,level_id,0.393,0.1429,0.1427,0.001996007984031936,,
ls20,deter,transition,0.5,0.5,0.5214,0.9540918163672655,,
ls20,deter,reward_imminence,0.5311,0.5,0.5001,0.001996007984031936,,
ls20,deter,reward_proximity,0.5445,0.5,0.5001,0.001996007984031936,,
ls20,deter,time_since_reset,0.2463,0.2,0.2001,0.001996007984031936,,
ls20,stoch,level_id,0.3602,0.1429,0.1429,0.001996007984031936,,
ls20,stoch,transition,0.5,0.5,0.5214,0.8582834331337326,,
ls20,stoch,reward_imminence,0.4999,0.5,0.5,0.29740518962075846,,
ls20,stoch,reward_proximity,0.5024,0.5,0.5,0.04790419161676647,,
ls20,stoch,time_since_reset,0.2403,0.2,0.1996,0.001996007984031936,,
ls20,both,level_id,0.3801,0.1429,0.1429,0.0004997501249375312,0.04498,True
ls20,both,transition,0.5,0.5,0.5193,0.7606196901549226,1.0,False
ls20,both,reward_imminence,0.5322,0.5,0.5001,0.0014992503748125937,0.04498,True
ls20,both,reward_proximity,0.5646,0.5,0.5,0.0004997501249375312,0.04498,True
ls20,both,time_since_reset,0.2453,0.2,0.1999,0.0004997501249375312,0.04498,True
ls20,pixel,level_id,0.4286,0.1429,0.1429,0.0004997501249375312,0.04498,True
ls20,pixel,transition,0.606,0.5,0.5193,0.001999000499750125,0.04498,True
ls20,pixel,reward_imminence,0.56,0.5,0.5,0.0004997501249375312,0.04498,True
ls20,pixel,reward_proximity,0.581,0.5,0.5,0.0004997501249375312,0.04498,True
ls20,pixel,time_since_reset,0.3955,0.2,0.2,0.0004997501249375312,0.04498,True
ls20,clock,level_id,0.5858,0.1429,0.1429,0.0004997501249375312,0.04498,True
ls20,clock,transition,0.5,0.5,0.5193,1.0,1.0,False
ls20,clock,reward_imminence,0.5,0.5,0.5,1.0,1.0,False
ls20,clock,reward_proximity,0.5,0.5,0.5,1.0,1.0,False
ls20,clock,time_since_reset,1.0,0.2,0.2,0.0004997501249375312,0.04498,True
sb26,deter,level_id,0.7976,0.125,0.1251,0.001996007984031936,,
sb26,deter,transition,0.736,0.5,0.5173,0.001996007984031936,,
sb26,deter,reward_imminence,0.6072,0.5,0.5,0.001996007984031936,,
sb26,deter,reward_proximity,0.5844,0.5,0.4992,0.001996007984031936,,
sb26,deter,time_since_reset,0.5789,0.2,0.2004,0.001996007984031936,,
sb26,stoch,level_id,0.6064,0.125,0.1256,0.001996007984031936,,
sb26,stoch,transition,0.6329,0.5,0.527,0.001996007984031936,,
sb26,stoch,reward_imminence,0.5886,0.5,0.5004,0.001996007984031936,,
sb26,stoch,reward_proximity,0.6156,0.5,0.4997,0.001996007984031936,,
sb26,stoch,time_since_reset,0.396,0.2,0.1993,0.001996007984031936,,
sb26,both,level_id,0.8004,0.125,0.1253,0.0004997501249375312,0.04498,True
sb26,both,transition,0.7907,0.5,0.5146,0.0004997501249375312,0.04498,True
sb26,both,reward_imminence,0.6388,0.5,0.5005,0.0004997501249375312,0.04498,True
sb26,both,reward_proximity,0.6507,0.5,0.5005,0.0004997501249375312,0.04498,True
sb26,both,time_since_reset,0.5742,0.2,0.2,0.0004997501249375312,0.04498,True
sb26,pixel,level_id,0.6659,0.125,0.1256,0.0004997501249375312,0.04498,True
sb26,pixel,transition,0.7094,0.5,0.5285,0.0004997501249375312,0.04498,True
sb26,pixel,reward_imminence,0.8079,0.5,0.5001,0.0004997501249375312,0.04498,True
sb26,pixel,reward_proximity,0.7936,0.5,0.5,0.0004997501249375312,0.04498,True
sb26,pixel,time_since_reset,0.5308,0.2,0.2001,0.0004997501249375312,0.04498,True
sb26,clock,level_id,0.4151,0.125,0.1256,0.0004997501249375312,0.04498,True
sb26,clock,transition,0.55,0.5,0.5285,0.5047476261869065,1.0,False
sb26,clock,reward_imminence,0.55,0.5,0.5002,0.005497251374312844,0.10995,False
sb26,clock,reward_proximity,0.55,0.5,0.5,0.0009995002498750624,0.04498,True
sb26,clock,time_since_reset,1.0,0.2,0.1996,0.0004997501249375312,0.04498,True
tn36,deter,level_id,0.5308,0.1429,0.1427,0.001996007984031936,,
tn36,deter,transition,0.5027,0.5,0.5057,0.45109780439121755,,
tn36,deter,reward_imminence,0.5107,0.5,0.4999,0.1936127744510978,,
tn36,deter,reward_proximity,0.5277,0.5,0.5003,0.00998003992015968,,
tn36,deter,time_since_reset,0.8453,0.2,0.1995,0.001996007984031936,,
tn36,stoch,level_id,0.4883,0.1429,0.1428,0.001996007984031936,,
tn36,stoch,transition,0.5231,0.5,0.5071,0.14770459081836326,,
tn36,stoch,reward_imminence,0.5022,0.5,0.5001,0.2714570858283433,,
tn36,stoch,reward_proximity,0.5065,0.5,0.5004,0.1377245508982036,,
tn36,stoch,time_since_reset,0.5959,0.2,0.2004,0.001996007984031936,,
tn36,both,level_id,0.5339,0.1429,0.1426,0.0004997501249375312,0.04498,True
tn36,both,transition,0.5266,0.5,0.5076,0.22038980509745126,1.0,False
tn36,both,reward_imminence,0.4933,0.5,0.5003,0.7096451774112944,1.0,False
tn36,both,reward_proximity,0.532,0.5,0.5003,0.0029985007496251873,0.06297,False
tn36,both,time_since_reset,0.8346,0.2,0.1998,0.0004997501249375312,0.04498,True
tn36,pixel,level_id,0.3625,0.1429,0.143,0.0004997501249375312,0.04498,True
tn36,pixel,transition,0.7484,0.5,0.5083,0.0004997501249375312,0.04498,True
tn36,pixel,reward_imminence,0.5372,0.5,0.5,0.0004997501249375312,0.04498,True
tn36,pixel,reward_proximity,0.6751,0.5,0.5,0.0004997501249375312,0.04498,True
tn36,pixel,time_since_reset,0.4772,0.2,0.1999,0.0004997501249375312,0.04498,True
tn36,clock,level_id,0.538,0.1429,0.1428,0.0004997501249375312,0.04498,True
tn36,clock,transition,0.5,0.5,0.5083,1.0,1.0,False
tn36,clock,reward_imminence,0.5,0.5,0.5,1.0,1.0,False
tn36,clock,reward_proximity,0.5,0.5,0.5,1.0,1.0,False
tn36,clock,time_since_reset,1.0,0.2,0.2,0.0004997501249375312,0.04498,True
vc33,deter,level_id,0.4658,0.1429,0.1423,0.001996007984031936,,
vc33,deter,transition,0.7523,0.5,0.5026,0.001996007984031936,,
vc33,deter,reward_imminence,0.6225,0.5,0.5002,0.001996007984031936,,
vc33,deter,reward_proximity,0.6177,0.5,0.5007,0.001996007984031936,,
vc33,deter,time_since_reset,0.5913,0.2,0.2,0.001996007984031936,,
vc33,stoch,level_id,0.3511,0.1429,0.143,0.001996007984031936,,
vc33,stoch,transition,0.6557,0.5,0.5035,0.001996007984031936,,
vc33,stoch,reward_imminence,0.5278,0.5,0.4999,0.001996007984031936,,
vc33,stoch,reward_proximity,0.601,0.5,0.5001,0.001996007984031936,,
vc33,stoch,time_since_reset,0.4568,0.2,0.2001,0.001996007984031936,,
vc33,both,level_id,0.4674,0.1429,0.1429,0.0004997501249375312,0.04498,True
vc33,both,transition,0.8017,0.5,0.5031,0.0004997501249375312,0.04498,True
vc33,both,reward_imminence,0.6319,0.5,0.4994,0.0004997501249375312,0.04498,True
vc33,both,reward_proximity,0.6649,0.5,0.4998,0.0004997501249375312,0.04498,True
vc33,both,time_since_reset,0.574,0.2,0.2001,0.0004997501249375312,0.04498,True
vc33,pixel,level_id,0.3079,0.1429,0.143,0.0004997501249375312,0.04498,True
vc33,pixel,transition,0.6523,0.5,0.5035,0.0004997501249375312,0.04498,True
vc33,pixel,reward_imminence,0.8103,0.5,0.5,0.0004997501249375312,0.04498,True
vc33,pixel,reward_proximity,0.8384,0.5,0.5,0.0004997501249375312,0.04498,True
vc33,pixel,time_since_reset,0.3836,0.2,0.2,0.0004997501249375312,0.04498,True
vc33,clock,level_id,0.3743,0.1429,0.1429,0.0004997501249375312,0.04498,True
vc33,clock,transition,0.5,0.5,0.5035,1.0,1.0,False
vc33,clock,reward_imminence,0.5,0.5,0.5,1.0,1.0,False
vc33,clock,reward_proximity,0.5,0.5,0.5,1.0,1.0,False
vc33,clock,time_since_reset,1.0,0.2,0.2001,0.0004997501249375312,0.04498,True
