batch,arm,game,seed,done,step,train_eps,train_clears,norm_entropy,image_loss,periodic_n,periodic_clears,periodic_official,periodic_harness,e100_n,e100_clear_rate,e100_lo,e100_hi,e100_official,e100_official_mean,e100_levels_max
long5m,cold,cd82,0,True,4999904,49561,0,0.9999999406169339,0.012337801079560057,232,0,0.0,0.0,100,0.0,0.0,0.037,0.0,0.0,0
long5m,cold,sb26,0,True,4996992,5052,0,0.9999999427623267,0.11357388416782613,240,0,0.0,0.0,100,0.0,0.0,0.037,0.0,0.0,0
long5m,cold,vc33,0,True,4999982,70014,34,0.7951607608096504,0.11739497659079758,208,2,0.01446,0.05476,100,1.0,0.963,1.0,0.03571,0.03031,1
mixture,cold,cd82,0,True,499994,4936,18,0.7901401417905634,1.5222110730951484,21,1,0.04762,0.05476,100,1.0,0.963,1.0,0.04762,0.04762,1
mixture,cold,cd82,1,True,499970,4936,19,0.8394972916082902,1.6066461452570828,21,1,0.04762,0.05476,100,0.68,0.5834,0.7633,0.04762,0.03238,1
mixture,cold,cd82,2,True,499997,4939,17,0.8085939057653756,0.9356917290807628,21,1,0.04762,0.05476,100,1.0,0.963,1.0,0.04762,0.04762,1
mixture,cold,cd82,3,True,499928,4936,19,0.8599184312990733,4.116267630032131,21,1,0.04762,0.05476,100,0.99,0.9455,0.9982,0.04762,0.04714,1
mixture,cold,cd82,4,True,499946,4941,19,0.9158393891825192,4.822506387488565,22,2,0.04762,0.05476,100,1.0,0.963,1.0,0.04762,0.04762,1
mixture,cold,cd82,5,True,499915,4945,17,0.6566263979716267,1.5323550407406237,21,0,0.0,0.0,100,1.0,0.963,1.0,0.04762,0.04762,1
mixture,cold,ls20,0,True,499928,575,0,0.9999999403953552,0.5703589613673351,28,0,0.0,0.0,100,0.0,0.0,0.037,0.0,0.0,0
mixture,cold,ls20,1,True,499404,577,1,0.9999983647397457,0.8210070856654917,28,0,0.0,0.0,100,0.0,0.0,0.037,0.0,0.0,0
mixture,cold,ls20,2,True,499225,580,1,0.9999984356635375,0.793773624175353,28,0,0.0,0.0,100,0.0,0.0,0.037,0.0,0.0,0
mixture,cold,sp80,0,True,499875,11211,16,0.9735824148431956,0.23961734956652997,14,0,0.0,0.0,100,0.0,0.0,0.037,0.0,0.0,0
mixture,cold,sp80,1,True,499992,13040,10,0.9998780250111047,0.22281455281464493,24,0,0.0,0.0,100,0.0,0.0,0.037,0.0,0.0,0
mixture,cold,sp80,2,True,499956,11037,16,0.9594168058308689,0.2603426700288599,17,0,0.0,0.0,100,0.0,0.0,0.037,0.0,0.0,0
paired,cold,cd82,2,True,499344,4950,0,0.9999999403953552,0.15787166438024977,24,0,0.0,0.0,100,0.0,0.0,0.037,0.0,0.0,0
paired,cold,cd82,3,True,499344,4950,0,0.9999999419125644,0.16799277411265806,24,0,0.0,0.0,100,0.0,0.0,0.037,0.0,0.0,0
paired,cold,cd82,4,True,499344,4950,0,0.9999999444690539,0.18852388641709905,24,0,0.0,0.0,100,0.0,0.0,0.037,0.0,0.0,0
paired,cold,lf52,2,True,499953,7402,0,0.9999999448105141,0.35335160350358047,31,0,0.0,0.0,100,0.0,0.0,0.037,0.0,0.0,0
paired,cold,lf52,3,True,499963,7411,0,0.999999943180619,0.3176470595960305,32,0,0.0,0.0,100,0.0,0.0,0.037,0.0,0.0,0
paired,cold,lf52,4,True,499751,7421,0,0.9999999403953552,0.31482403531466446,31,0,0.0,0.0,100,0.0,0.0,0.037,0.0,0.0,0
paired,cold,ls20,2,True,498016,503,0,0.9999999403953552,0.6413578756210458,28,0,0.0,0.0,100,0.0,0.0,0.037,0.0,0.0,0
paired,cold,ls20,3,True,499088,503,0,0.9999999408520958,0.3439911836865305,28,0,0.0,0.0,100,0.0,0.0,0.037,0.0,0.0,0
paired,cold,ls20,4,True,496496,503,0,0.9999999410726808,0.37413888864896516,28,0,0.0,0.0,100,0.0,0.0,0.037,0.0,0.0,0
paired,cold,sb26,2,True,496848,502,1,0.9999945885140957,3.001558416883884,24,0,0.0,0.0,100,0.0,0.0,0.037,0.0,0.0,0
paired,cold,sb26,3,True,496496,502,0,0.9999999434078644,0.9699677403222783,24,0,0.0,0.0,100,0.0,0.0,0.037,0.0,0.0,0
paired,cold,sb26,4,True,498848,502,0,0.9999999410432318,0.9455388076063516,24,0,0.0,0.0,100,0.0,0.0,0.037,0.0,0.0,0
paired,cold,tn36,2,True,499915,8053,0,0.9999999447302385,1.0485020626675,23,0,0.0,0.0,100,0.0,0.0,0.037,0.0,0.0,0
paired,cold,tn36,3,True,499804,8054,0,0.9999999435090307,1.076883002003627,22,0,0.0,0.0,100,0.0,0.0,0.037,0.0,0.0,0
paired,cold,tn36,4,True,499907,8054,0,0.9999999430249719,1.49752230372499,24,0,0.0,0.0,100,0.0,0.0,0.037,0.0,0.0,0
paired,cold,vc33,2,True,499808,9781,17,0.8713737469799113,0.16792106923629652,20,1,0.01036,0.04762,100,1.0,0.963,1.0,0.0175,0.0124,1
paired,cold,vc33,3,True,499967,9779,17,0.9044382638895689,0.16808828124915487,21,1,0.00128,0.00588,100,1.0,0.963,1.0,0.00362,0.00298,1
paired,cold,vc33,4,True,499952,7887,34,0.06459093233230558,1.2768644370736868,15,2,0.01036,0.04762,100,1.0,0.963,1.0,0.03571,0.01793,1
paired,warm,cd82,2,False,499344,4950,0,0.9999999403953552,0.04841308866076879,,,,,,,,,,,
paired,warm,cd82,3,False,499344,4950,0,0.9999999403953552,0.08222902940058793,,,,,,,,,,,
paired,warm,cd82,4,False,499344,4950,0,0.9999999403953552,0.05012795412175947,,,,,,,,,,,
paired,warm,lf52,2,False,499953,7405,0,0.9999999403953552,0.27622677461342876,,,,,,,,,,,
paired,warm,lf52,3,True,499963,7401,0,0.9999999403953552,0.27829604286309245,28,0,0.0,0.0,100,0.0,0.0,0.037,0.0,0.0,0
paired,warm,lf52,4,False,499942,7416,0,0.9999999403953552,0.2779075242059175,,,,,,,,,,,
paired,warm,ls20,2,False,497696,503,0,0.9999999403953552,0.3105605816038755,,,,,,,,,,,
paired,warm,ls20,3,True,499168,503,0,0.9999999374491181,0.28560130502107933,28,0,0.0,0.0,100,0.0,0.0,0.037,0.0,0.0,0
paired,warm,ls20,4,False,496496,503,0,0.9999998345068006,0.291024358604442,,,,,,,,,,,
paired,warm,sb26,2,True,499104,502,1,0.9999797400766915,2.3963287805553772,24,0,0.0,0.0,100,0.0,0.0,0.037,0.0,0.0,0
paired,warm,sb26,3,True,496816,502,0,0.9999999403953552,0.7239880631951725,24,0,0.0,0.0,100,0.0,0.0,0.037,0.0,0.0,0
paired,warm,sb26,4,True,498608,502,0,0.9999999403953552,0.7283771685409896,24,0,0.0,0.0,100,0.0,0.0,0.037,0.0,0.0,0
paired,warm,tn36,2,False,500000,8054,0,0.9999999403953552,6.79888688694347,,,,,,,,,,,
paired,warm,tn36,3,False,499804,8054,0,0.9999999403953552,7.2596826714680605,,,,,,,,,,,
paired,warm,tn36,4,False,499907,8054,0,0.9999999403953552,7.276125986786449,,,,,,,,,,,
paired,warm,vc33,2,True,499948,9755,17,0.8084430083023127,0.10692260084763779,18,1,0.03571,0.05476,100,1.0,0.963,1.0,0.01036,0.00229,1
paired,warm,vc33,3,True,499921,9734,17,0.7266871963034977,0.14430041633772128,21,3,0.00143,0.00657,100,1.0,0.963,1.0,0.00151,0.00135,1
paired,warm,vc33,4,True,499877,9768,17,0.8547766101091427,0.09554626238077207,21,1,0.01036,0.04762,100,1.0,0.963,1.0,0.0216,0.01837,1
ppo,factored,cd82,0,True,499712,,,,,,,,,100,0.05,0.0215,0.1118,0.04762,0.00238,1
ppo,factored,cd82,1,True,499712,,,,,,,,,100,0.03,0.0103,0.0845,0.04762,0.00143,1
ppo,factored,cd82,2,True,499712,,,,,,,,,100,0.0,0.0,0.037,0.0,0.0,0
ppo,factored,sp80,0,True,499712,,,,,,,,,100,0.04,0.0157,0.0984,0.04762,0.0019,1
ppo,factored,sp80,1,True,499712,,,,,,,,,100,0.1,0.0552,0.1744,0.04762,0.00476,1
ppo,factored,sp80,2,True,499712,,,,,,,,,100,0.15,0.0931,0.2328,0.04762,0.00714,1
ppo,flat,cd82,0,True,499712,,,,,,,,,100,0.0,0.0,0.037,0.0,0.0,0
ppo,flat,cd82,1,True,499712,,,,,,,,,100,0.0,0.0,0.037,0.0,0.0,0
ppo,flat,ft09,0,True,499712,,,,,,,,,100,0.15,0.0931,0.2328,0.00898,0.00033,1
ppo,flat,ft09,1,True,499712,,,,,,,,,100,0.15,0.0931,0.2328,0.00521,0.00039,1
ppo,flat,lf52,0,True,499712,,,,,,,,,100,0.0,0.0,0.037,0.0,0.0,0
ppo,flat,lf52,1,True,499712,,,,,,,,,100,0.0,0.0,0.037,0.0,0.0,0
ppo,flat,lp85,0,True,499712,,,,,,,,,100,0.15,0.0931,0.2328,0.00016,1e-05,1
ppo,flat,lp85,1,True,499712,,,,,,,,,100,0.08,0.0411,0.15,0.00038,1e-05,1
ppo,flat,ls20,0,True,499712,,,,,,,,,100,0.0,0.0,0.037,0.0,0.0,0
ppo,flat,ls20,1,True,499712,,,,,,,,,100,0.0,0.0,0.037,0.0,0.0,0
ppo,flat,r11l,0,True,499712,,,,,,,,,100,0.2,0.1334,0.2888,0.04762,0.00365,1
ppo,flat,r11l,1,True,499712,,,,,,,,,100,0.15,0.0931,0.2328,0.04762,0.0033,1
ppo,flat,sb26,0,True,499712,,,,,,,,,100,0.0,0.0,0.037,0.0,0.0,0
ppo,flat,sb26,1,True,499712,,,,,,,,,100,0.0,0.0,0.037,0.0,0.0,0
ppo,flat,tn36,0,True,499712,,,,,,,,,100,0.0,0.0,0.037,0.0,0.0,0
ppo,flat,tn36,1,True,499712,,,,,,,,,100,0.0,0.0,0.037,0.0,0.0,0
ppo,flat,vc33,0,True,499712,,,,,,,,,100,0.05,0.0215,0.1118,0.0054,0.0001,1
ppo,flat,vc33,1,True,499712,,,,,,,,,100,0.0,0.0,0.037,0.0,0.0,0
ppo-smoke,factored,cd82,0,True,19456,,,,,,,,,20,0.0,0,0.1611,0.0,0.0,0
ppo-smoke,flat,vc33,0,True,19456,,,,,,,,,20,0.0,0,0.1611,0.0,0.0,0
ratio512,cold,cd82,0,True,499344,5001,0,0.9999999436465177,0.007160040419760414,232,0,0.0,0.0,100,0.0,0.0,0.037,0.0,0.0,0
ratio512,cold,cd82,1,True,499344,5002,0,0.9999999406713026,0.006553529432966132,232,0,0.0,0.0,100,0.0,0.0,0.037,0.0,0.0,0
ratio512,cold,lf52,0,False,375632,5582,0,0.9999999434307769,0.053801415841681535,,,,,,,,,,,
ratio512,cold,lf52,1,False,375664,5593,0,0.9999999445345666,0.05759991044868474,,,,,,,,,,,
ratio512,cold,ls20,0,False,365696,396,0,0.9999999485232614,0.04256078635173088,,,,,,,,,,,
ratio512,cold,ls20,1,False,363920,396,0,0.9999999460848895,0.0422065272165293,,,,,,,,,,,
ratio512,cold,sb26,0,True,499424,556,0,0.9999999439174478,0.08548326136713678,240,0,0.0,0.0,100,0.0,0.0,0.037,0.0,0.0,0
ratio512,cold,sb26,1,True,499456,556,0,0.9999999406662854,0.07943594213575125,240,0,0.0,0.0,100,0.0,0.0,0.037,0.0,0.0,0
ratio512,cold,tn36,0,False,382352,6190,0,0.999999942698262,0.8173603976314718,,,,,,,,,,,
ratio512,cold,tn36,1,False,382320,6189,0,0.9999999485358044,0.8290334296309285,,,,,,,,,,,
ratio512,cold,vc33,0,True,499873,6974,34,0.8185331760043347,0.03303506500863781,203,8,0.03571,0.05476,100,1.0,0.963,1.0,0.03571,0.03563,1
ratio512,cold,vc33,1,True,499644,9498,17,0.15179332386811867,0.08415729284980426,219,2,0.03571,0.05476,100,0.0,0.0,0.037,0.0,0.0,0
shape001,cold,cd82,0,True,499921,4939,4934,0.2907323150940544,2.531996865697953,21,1,0.04762,0.05476,100,0.0,0.0,0.037,0.0,0.0,0
shape001,cold,cd82,1,True,499888,4942,4937,0.0569951354678887,3.5263401333298257,23,3,0.04762,0.05476,100,1.0,0.963,1.0,0.04762,0.04762,1
shape001,cold,cd82,2,True,499898,4941,4935,0.2730753238554354,1.893340903299826,24,0,0.0,0.0,100,1.0,0.963,1.0,0.05839,0.04951,2
shape001,cold,lf52,0,True,498529,1498,1487,0.8095755866187775,0.5901824676704978,35,0,0.0,0.0,100,0.0,0.0,0.037,0.0,0.0,0
shape001,cold,lf52,1,True,499823,1546,1535,0.7952379617426131,0.7948558540255936,29,0,0.0,0.0,100,0.0,0.0,0.037,0.0,0.0,0
shape001,cold,lf52,2,True,499633,1441,1431,0.8116020647327552,0.588622664635101,28,0,0.0,0.0,100,0.0,0.0,0.037,0.0,0.0,0
shape001,cold,ls20,0,True,499313,1038,970,0.6393195196124147,1.711943818764253,22,0,0.0,0.0,100,0.0,0.0,0.037,0.0,0.0,0
shape001,cold,ls20,1,True,499946,920,870,0.4748838332694347,1.259443371549366,22,0,0.0,0.0,100,0.0,0.0,0.037,0.0,0.0,0
shape001,cold,ls20,2,True,496846,1027,974,0.5034267392178131,2.036157275668878,22,0,0.0,0.0,100,0.95,0.8882,0.9785,0.03571,0.02306,1
shape001,cold,sb26,0,True,499573,612,605,0.3538890987926838,1.0254764606555302,16,0,0.0,0.0,100,0.0,0.0,0.037,0.0,0.0,0
shape001,cold,sb26,1,True,499205,628,621,0.35038768626301664,1.0740812665126362,19,0,0.0,0.0,100,0.0,0.0,0.037,0.0,0.0,0
shape001,cold,sb26,2,True,496162,631,624,0.32580316692590716,1.136676824092865,20,0,0.0,0.0,100,0.0,0.0,0.037,0.0,0.0,0
shape001,cold,tn36,0,True,499952,7313,7307,0.901812421456548,3.6468412025284223,19,0,0.0,0.0,100,0.0,0.0,0.037,0.0,0.0,0
shape001,cold,tn36,1,True,499940,6571,6565,0.891402599963356,2.3989019300160783,17,0,0.0,0.0,100,0.0,0.0,0.037,0.0,0.0,0
shape001,cold,tn36,2,True,499934,6869,6863,0.8256046678306479,3.931083236228336,21,0,0.0,0.0,100,0.0,0.0,0.037,0.0,0.0,0
shape001,cold,vc33,0,True,499865,5542,5536,0.735471630504376,1.075571836400848,18,4,0.03571,0.05476,100,1.0,0.963,1.0,0.04579,0.04067,2
shape001,cold,vc33,1,True,499993,6669,6663,0.7199341078985084,0.8677881605995511,15,1,0.01446,0.05476,100,1.0,0.963,1.0,0.0216,0.01651,1
shape001,cold,vc33,2,True,499974,6562,6557,0.7493163591837028,0.8603052152580474,24,7,0.01036,0.04762,100,1.0,0.963,1.0,0.07748,0.01373,2
shape01,cold,cd82,0,True,499981,4938,4932,0.3594431621212942,2.7085124528984155,24,0,0.0,0.0,100,0.99,0.9455,0.9982,0.04762,0.0458,1
shape01,cold,cd82,1,True,499552,4939,4934,0.28367885019419325,2.7485433596485067,21,1,0.04762,0.05476,100,0.89,0.8137,0.9375,0.04762,0.04238,1
shape01,cold,cd82,2,True,499985,4944,4938,0.08809005439673599,1.5807908309581584,21,0,0.0,0.0,100,1.0,0.963,1.0,0.04762,0.04762,1
shape01,cold,lf52,0,True,499145,1593,1582,0.5763396356787001,0.6125608469758715,41,0,0.0,0.0,100,0.0,0.0,0.037,0.0,0.0,0
shape01,cold,lf52,1,True,499637,1572,1551,0.7222019060288069,1.02599975111571,68,0,0.0,0.0,100,0.0,0.0,0.037,0.0,0.0,0
shape01,cold,lf52,2,True,499381,1606,1584,0.7553802281618118,0.6388587485998869,70,0,0.0,0.0,100,0.0,0.0,0.037,0.0,0.0,0
shape01,cold,ls20,0,True,499740,1311,1255,0.6000689792324347,2.219644015766235,16,0,0.0,0.0,100,0.0,0.0,0.037,0.0,0.0,0
shape01,cold,ls20,1,True,499974,1688,1656,0.5522301839895485,1.8512514213885158,14,0,0.0,0.0,100,0.0,0.0,0.037,0.0,0.0,0
shape01,cold,ls20,2,True,498894,1467,1431,0.4133446709563335,1.5128381803631783,13,0,0.0,0.0,100,0.0,0.0,0.037,0.0,0.0,0
shape01,cold,sb26,0,True,498256,756,749,0.24449651863313082,1.070597289863861,19,0,0.0,0.0,100,0.0,0.0,0.037,0.0,0.0,0
shape01,cold,sb26,1,True,499970,837,830,0.2032083105928493,1.0586794234671684,13,0,0.0,0.0,100,0.0,0.0,0.037,0.0,0.0,0
shape01,cold,sb26,2,True,499728,827,820,0.15231695754284208,1.03368725943746,19,0,0.0,0.0,100,0.0,0.0,0.037,0.0,0.0,0
shape01,cold,tn36,0,True,499950,6674,6667,0.9109609784282205,6.723380784571398,24,0,0.0,0.0,100,0.0,0.0,0.037,0.0,0.0,0
shape01,cold,tn36,1,True,499990,6874,6867,0.894815049806617,4.638881256221344,21,0,0.0,0.0,100,0.0,0.0,0.037,0.0,0.0,0
shape01,cold,tn36,2,True,499988,6957,6950,0.705519279067436,3.976920919471912,27,0,0.0,0.0,100,0.0,0.0,0.037,0.0,0.0,0
shape01,cold,vc33,0,True,499920,6361,6356,0.7042620722274209,1.3370552085312117,23,8,0.03571,0.05476,100,0.03,0.0103,0.0845,0.02765,0.00054,2
shape01,cold,vc33,1,True,499883,6628,6623,0.5039480844029673,6.031417387944681,14,5,0.00259,0.0119,100,0.7,0.6041,0.7811,0.15335,0.03684,3
shape01,cold,vc33,2,True,499678,6485,6480,0.48297286359404745,1.304972204602199,17,2,0.0028,0.01288,100,0.97,0.9155,0.9897,0.08267,0.02317,2
sweep,cold,ar25,0,True,496640,503,0,0.9999999446368842,0.5412471701255005,28,0,0.0,0.0,100,0.0,0.0,0.037,0.0,0.0,0
sweep,cold,ar25,1,True,498736,503,0,0.9999999403953552,0.5481124759400299,28,0,0.0,0.0,100,0.0,0.0,0.037,0.0,0.0,0
sweep,cold,ar25,2,True,499728,503,0,0.9999999426531069,0.4664646409113299,28,0,0.0,0.0,100,0.0,0.0,0.037,0.0,0.0,0
sweep,cold,bp35,0,True,499200,7688,0,0.9999999424506878,0.7966694156524583,32,0,0.0,0.0,100,0.0,0.0,0.037,0.0,0.0,0
sweep,cold,bp35,1,True,499200,7688,0,0.9999999403953552,0.9947944906220507,32,0,0.0,0.0,100,0.0,0.0,0.037,0.0,0.0,0
sweep,cold,bp35,2,True,499200,7688,0,0.9999999403953552,0.7990044134088082,32,0,0.0,0.0,100,0.0,0.0,0.037,0.0,0.0,0
sweep,cold,cn04,0,True,499776,6582,0,0.9999999429682176,0.5314120900073498,24,0,0.0,0.0,100,0.0,0.0,0.037,0.0,0.0,0
sweep,cold,cn04,1,True,499776,6582,0,0.9999999403953552,0.5807016844696858,24,0,0.0,0.0,100,0.0,0.0,0.037,0.0,0.0,0
sweep,cold,cn04,2,True,499776,6581,0,0.9999999434520037,0.5335757733483018,24,0,0.0,0.0,100,0.0,0.0,0.037,0.0,0.0,0
sweep,cold,dc22,0,True,499809,3961,0,0.9999999403953552,1.1730065297016867,6,0,0.0,0.0,100,0.0,0.0,0.037,0.0,0.0,0
sweep,cold,dc22,1,True,499765,3959,0,0.9999999403953552,1.1759951344076192,9,0,0.0,0.0,100,0.0,0.0,0.037,0.0,0.0,0
sweep,cold,dc22,2,True,499983,3960,0,0.9999999437314361,1.2715462904367874,8,0,0.0,0.0,100,0.0,0.0,0.037,0.0,0.0,0
sweep,cold,ft09,0,True,499999,1380,18,0.9272784061621928,1.1564620646877566,7,1,0.04762,0.115,100,0.98,0.93,0.9945,0.04762,0.04667,1
sweep,cold,ft09,1,True,499873,1293,18,0.9231330432595998,1.1777647889226022,6,0,0.0,0.0,100,0.2,0.1334,0.2888,0.04762,0.00095,1
sweep,cold,ft09,2,True,499866,1313,20,0.8428270392280688,1.1559107529816868,6,1,0.04762,0.115,100,0.96,0.9016,0.9843,0.04762,0.04571,1
sweep,cold,g50t,0,True,498848,3814,0,0.9999999403953552,0.1487502305340158,24,0,0.0,0.0,100,0.0,0.0,0.037,0.0,0.0,0
sweep,cold,g50t,1,True,498848,3814,0,0.9999999403953552,0.12030779169156001,24,0,0.0,0.0,100,0.0,0.0,0.037,0.0,0.0,0
sweep,cold,g50t,2,True,498848,3814,0,0.9999999403953552,0.07631388774318416,24,0,0.0,0.0,100,0.0,0.0,0.037,0.0,0.0,0
sweep,cold,ka59,0,True,499725,4950,0,0.9999999425627969,0.5143181251395832,24,0,0.0,0.0,100,0.0,0.0,0.037,0.0,0.0,0
sweep,cold,ka59,1,True,499680,4950,0,0.9999999416911084,0.44077763404103293,24,0,0.0,0.0,100,0.0,0.0,0.037,0.0,0.0,0
sweep,cold,ka59,2,True,499696,4949,0,0.9999999431926851,0.47817192794183533,24,0,0.0,0.0,100,0.0,0.0,0.037,0.0,0.0,0
sweep,cold,lp85,0,True,497081,521,17,0.9386400489219978,4.02793994234569,21,4,0.00202,0.00058,100,1.0,0.963,1.0,0.02778,0.02778,1
sweep,cold,lp85,1,True,499168,522,17,0.9432861242590651,3.99569991887626,25,4,0.00013,4e-05,100,0.02,0.0055,0.07,0.00737,8e-05,1
sweep,cold,lp85,2,True,499820,525,17,0.9721077519856142,4.117857758918505,18,3,0.02778,0.01889,100,0.0,0.0,0.037,0.0,0.0,0
sweep,cold,m0r0,0,True,498560,3286,0,0.9999999434078644,2.395382343270288,24,0,0.0,0.0,100,0.0,0.0,0.037,0.0,0.0,0
sweep,cold,m0r0,1,True,498560,3286,0,0.9999999432233129,2.020087118131401,24,0,0.0,0.0,100,0.0,0.0,0.037,0.0,0.0,0
sweep,cold,m0r0,2,True,499008,3286,0,0.999999941252976,2.793142087007169,24,0,0.0,0.0,100,0.0,0.0,0.037,0.0,0.0,0
sweep,cold,r11l,0,True,499997,25692,18,0.9975080101861866,39.34330496656786,8,2,0.04762,0.05476,100,0.1,0.0552,0.1744,0.04762,0.00254,1
sweep,cold,r11l,1,True,499989,25500,16,0.9911946328701796,37.94577750453242,10,0,0.0,0.0,100,0.01,0.0018,0.0545,0.0119,0.00012,1
sweep,cold,r11l,2,True,499972,25588,16,0.9984008116959446,39.270213407628674,13,0,0.0,0.0,100,0.38,0.291,0.4779,0.04762,0.01138,1
sweep,cold,re86,0,True,499392,502,0,0.9999999403953552,0.19436433837082887,24,0,0.0,0.0,100,0.0,0.0,0.037,0.0,0.0,0
sweep,cold,re86,1,True,497104,502,0,0.999999940611314,0.15589193141330843,24,0,0.0,0.0,100,0.0,0.0,0.037,0.0,0.0,0
sweep,cold,re86,2,True,496496,502,0,0.9999999421356368,0.21551902399119668,24,0,0.0,0.0,100,0.0,0.0,0.037,0.0,0.0,0
sweep,cold,s5i5,0,True,499996,9784,0,0.9999999403953552,0.2329850064141907,22,0,0.0,0.0,100,0.0,0.0,0.037,0.0,0.0,0
sweep,cold,s5i5,1,True,499978,9783,0,0.9999999403953552,1.5909502568529612,20,0,0.0,0.0,100,0.0,0.0,0.037,0.0,0.0,0
sweep,cold,s5i5,2,True,499989,9785,0,0.9999999444747606,0.18270678466943732,21,0,0.0,0.0,100,0.0,0.0,0.037,0.0,0.0,0
sweep,cold,sc25,0,True,497230,698,0,0.9999999403953552,0.4528675772746404,9,0,0.0,0.0,100,0.0,0.0,0.037,0.0,0.0,0
sweep,cold,sc25,1,True,499957,701,0,0.9999999403953552,0.43504158298416834,8,0,0.0,0.0,100,0.0,0.0,0.037,0.0,0.0,0
sweep,cold,sc25,2,True,499428,707,0,0.9999999403953552,0.41610757009588556,8,0,0.0,0.0,100,0.0,0.0,0.037,0.0,0.0,0
sweep,cold,sk48,0,True,496496,502,0,0.9999999406105344,0.15815358996283707,24,0,0.0,0.0,100,0.0,0.0,0.037,0.0,0.0,0
sweep,cold,sk48,1,True,498160,502,0,0.9999999406120994,0.17573768190362238,24,0,0.0,0.0,100,0.0,0.0,0.037,0.0,0.0,0
sweep,cold,sk48,2,True,497424,502,0,0.9999999434520037,0.13879715574857515,24,0,0.0,0.0,100,0.0,0.0,0.037,0.0,0.0,0
sweep,cold,sp80,0,True,499968,16134,0,0.9999999432546186,0.07117823600714057,24,0,0.0,0.0,100,0.0,0.0,0.037,0.0,0.0,0
sweep,cold,sp80,1,True,499968,16134,0,0.9999999403953552,0.08565528734641917,24,0,0.0,0.0,100,0.0,0.0,0.037,0.0,0.0,0
sweep,cold,sp80,2,True,499968,16134,0,0.9999999403953552,0.06452034907381887,24,0,0.0,0.0,100,0.0,0.0,0.037,0.0,0.0,0
sweep,cold,su15,0,True,499988,12583,0,0.9999999419817907,0.5125436551670611,12,0,0.0,0.0,100,0.0,0.0,0.037,0.0,0.0,0
sweep,cold,su15,1,True,499953,12590,0,0.9999999425073308,0.49997289865974365,8,0,0.0,0.0,100,0.0,0.0,0.037,0.0,0.0,0
sweep,cold,su15,2,True,499917,12601,0,0.9999999437199171,1.0313146582162713,9,0,0.0,0.0,100,0.0,0.0,0.037,0.0,0.0,0
sweep,cold,tr87,0,True,496496,503,0,0.9999999403953552,3.756880048535905,28,0,0.0,0.0,100,0.0,0.0,0.037,0.0,0.0,0
sweep,cold,tr87,1,True,496832,503,0,0.999999942627739,6.3785675223847,28,0,0.0,0.0,100,0.0,0.0,0.037,0.0,0.0,0
sweep,cold,tr87,2,True,496496,503,0,0.9999999408469056,5.113328841599551,28,0,0.0,0.0,100,0.0,0.0,0.037,0.0,0.0,0
sweep,cold,tu93,0,True,496496,502,0,0.9999999403953552,0.15207716917126057,24,0,0.0,0.0,100,0.0,0.0,0.037,0.0,0.0,0
sweep,cold,tu93,1,True,496496,502,0,0.9999999403953552,0.13263558042286105,24,0,0.0,0.0,100,0.0,0.0,0.037,0.0,0.0,0
sweep,cold,tu93,2,True,498512,502,0,0.9999999403953552,0.07719673863866112,24,0,0.0,0.0,100,0.0,0.0,0.037,0.0,0.0,0
sweep,cold,wa30,0,True,499312,502,0,0.9999999403953552,0.1645355927402323,24,0,0.0,0.0,100,0.0,0.0,0.037,0.0,0.0,0
sweep,cold,wa30,1,True,497040,502,0,0.9999999403953552,0.16225490761693992,24,0,0.0,0.0,100,0.0,0.0,0.037,0.0,0.0,0
sweep,cold,wa30,2,True,496496,502,0,0.9999999403953552,0.14973038626645785,24,0,0.0,0.0,100,0.0,0.0,0.037,0.0,0.0,0
